{"bike_reports": 701, "dusk_collision_rate": 1.5579710144927534, "ndor_count": 494, "total_sidewalk": 484, "cpmrir_max_month": "November", "mrir_correlation": 0.85794192133201563, "statuses": {"elsewhere": 55, "unknown": 495, "crosswalk": 368, "sidewalk": 116, "intersection": 81, "bike_lane": 9, "road": 59}, "cpmrir_multiplier": 5.060555895294513, "daylight_correlation": 0.78710317585060452, "day_collision_rate": 49.92948501782445, "report_count": 45037, "cpmrir_min_month": "March", "num_children": 230, "unparseable_count": 7368, "report_years": 9.182751540041068, "hit_and_run_total": 106, "post_2011_reports": 37185, "first_report": "January 15, 2008", "hit_and_run_counts": {"cyclist": 14, "both": 6, "unclear": 1, "driver": 85}, "under_11": 59, "yearly_median": 127, "all_reports": "data/reports.json", "hrir_correlation": 0.90267757741838461, "total_road": 140, "bike_pct": 1.8851687508403927, "night_collision_rate": 77.88472255017709, "last_report": "March 22, 2017", "now": "2017-03-22 14:25 ", "under_11_per_year": 11.300340849501834, "pct_children": 32.810271041369475, "dawn_collision_rate": 2.642494929006085, "imagedir": "data/images", "injured_count": 619, "yearly_mean": 117.66666666666667}