{"bike_reports": 698, "dusk_collision_rate": 1.5579710144927534, "ndor_count": 494, "total_sidewalk": 482, "cpmrir_max_month": "November", "mrir_correlation": 0.85494592081854381, "statuses": {"elsewhere": 55, "unknown": 495, "bike_lane": 8, "crosswalk": 367, "intersection": 81, "sidewalk": 115, "road": 59}, "cpmrir_multiplier": 5.313583690059239, "daylight_correlation": 0.79108156469015423, "day_collision_rate": 49.77312963676655, "report_count": 44640, "cpmrir_min_month": "March", "num_children": 228, "unparseable_count": 7368, "report_years": 9.144421629021219, "hit_and_run_total": 106, "post_2011_reports": 36788, "first_report": "January 15, 2008", "hit_and_run_counts": {"cyclist": 14, "both": 6, "unclear": 1, "driver": 85}, "under_11": 59, "yearly_median": 127, "all_reports": "data/reports.json", "hrir_correlation": 0.90238663470512637, "total_road": 140, "bike_pct": 1.8973578340763293, "night_collision_rate": 77.88472255017709, "last_report": "March  3, 2017", "now": "2017-03-08 14:03 ", "under_11_per_year": 11.38391442155309, "pct_children": 32.664756446991404, "dawn_collision_rate": 2.642494929006085, "imagedir": "data/images", "injured_count": 616, "yearly_mean": 117.33333333333333}