{"bike_reports": 698, "ndor_count": 494, "total_sidewalk": 482, "cpmrir_max_month": "November", "mrir_correlation": 0.85494592081854381, "statuses": {"elsewhere": 55, "unknown": 495, "bike_lane": 8, "crosswalk": 367, "intersection": 81, "sidewalk": 115, "road": 59}, "cpmrir_multiplier": 5.313583690059239, "daylight_correlation": 0.79108156469015423, "report_count": 44640, "cpmrir_min_month": "March", "num_children": 228, "unparseable_count": 7368, "report_years": 9.13347022587269, "hit_and_run_total": 106, "post_2011_reports": 36788, "first_report": "January 15, 2008", "hit_and_run_counts": {"cyclist": 14, "both": 6, "unclear": 1, "driver": 85}, "under_11": 59, "all_reports": "data/reports.json", "hrir_correlation": 0.90238663470512692, "total_road": 140, "bike_pct": 1.8973578340763293, "last_report": "March  3, 2017", "now": "2017-03-04 21:49 ", "under_11_per_year": 11.408020116463737, "pct_children": 32.664756446991404, "imagedir": "data/images", "injured_count": 616}